X,Y,A,R
15.007685927949987,22.370650204177036,0.1725028600958799,-1.0
15.007685927949987,22.370650204177036,0.1725028600958799,-1.0
15.007685927949987,22.370650204177036,0.1725028600958799,-60.00000000000021
14.986178318016565,22.5146833427439,0.12395473017386265,-60.00000000000021
14.97168584201069,22.65959052141249,0.0754066002518454,-60.00000000000021
14.964242650843852,22.805030272497685,0.026858470329828146,-60.00000000000021
14.963866284083668,22.950659873329837,-0.021689659592189103,-60.00000000000021
14.970557628622604,23.09613615386633,-0.07023778951420635,-60.00000000000021
14.98430091658808,23.24111630535738,-0.1187859194362236,-60.00000000000021
15.005063762498782,23.38525868816049,-0.16733404935824087,-60.00000000000021
15.032797239579685,23.528223636799915,-0.2158821792802581,-60.00000000000021
15.067435995055964,23.669674260374098,-0.26443030920227534,-60.00000000000021
15.108898404154047,23.809277236424947,-0.3129784391242926,-60.00000000000021
15.157086762446975,23.946703596398216,-0.3615265690463098,-60.00000000000021
15.211887516090789,24.0816295008441,-0.5071709588123616,-60.00000000000021
15.340794389197345,24.342714795676365,-0.507170958812364,-1.0
15.340794389197345,24.342714795676365,-0.507170958812364,-1.0
15.340794389197345,24.342714795676365,-0.507170958812364,7.060228642434315e+16
15.408477478834673,24.464523567033527,-0.507170958812364,7.060228642434315e+16
15.476160568472,24.586332338390683,-0.5071709588123638,7.060228642434315e+16
15.54384365810933,24.708141109747846,-0.5071709588123638,7.060228642434315e+16
15.611526747746657,24.829949881105005,-0.5071709588123638,7.060228642434315e+16
15.679209837383985,24.951758652462168,-0.5071709588123637,7.060228642434315e+16
15.746892927021312,25.073567423819327,-0.5071709588123637,7.060228642434315e+16
15.814576016658643,25.195376195176486,-0.5071709588123636,7.060228642434315e+16
16.312206922121952,26.09095896937665,-0.507170958812364,-1.0
16.312206922121952,26.09095896937665,-0.507170958812364,-1.0
16.312206922121952,26.09095896937665,-0.507170958812364,2.106569764094013e+16
16.38211162877156,26.216765968949186,-0.5071709588123638,2.106569764094013e+16
16.452016335421167,26.342572968521722,-0.5071709588123637,2.106569764094013e+16
16.52192104207077,26.468379968094258,-0.5071709588123635,2.106569764094013e+16
16.591825748720375,26.594186967666793,-0.5071709588123634,2.106569764094013e+16
16.661730455369984,26.719993967239326,-0.5071709588123633,2.106569764094013e+16
16.73163516201959,26.84580096681186,-0.5071709588123632,2.106569764094013e+16
16.801539868669195,26.971607966384397,-0.507170958812363,2.106569764094013e+16
16.8714445753188,27.097414965956933,-0.5071709588123628,2.106569764094013e+16
16.941349281968407,27.22322196552947,-0.5071709588123627,2.106569764094013e+16
17.011253988618012,27.349028965102,-0.5071709588123626,2.106569764094013e+16
17.081158695267618,27.474835964674536,-0.5071709588123622,2.106569764094013e+16
17.283619455046562,27.83920314307694,-0.507170958812364,-1.0
17.283619455046562,27.83920314307694,-0.507170958812364,-1.0
17.283619455046562,27.83920314307694,-0.507170958812364,2.106569764094013e+16
17.353524161696168,27.965010142649476,-0.5071709588123638,2.106569764094013e+16
17.423428868345773,28.09081714222201,-0.5071709588123637,2.106569764094013e+16
17.49333357499538,28.216624141794547,-0.5071709588123635,2.106569764094013e+16
17.563238281644985,28.34243114136708,-0.5071709588123634,2.106569764094013e+16
17.63314298829459,28.468238140939615,-0.5071709588123633,2.106569764094013e+16
17.703047694944196,28.59404514051215,-0.5071709588123632,2.106569764094013e+16
17.772952401593805,28.719852140084686,-0.507170958812363,2.106569764094013e+16
17.84285710824341,28.845659139657222,-0.5071709588123628,2.106569764094013e+16
17.912761814893013,28.971466139229754,-0.5071709588123627,2.106569764094013e+16
17.98266652154262,29.09727313880229,-0.5071709588123626,2.106569764094013e+16
18.052571228192228,29.223080138374826,-0.5071709588123622,2.106569764094013e+16
18.255031987971172,29.58744731677723,-0.507170958812364,-1.0
18.255031987971172,29.58744731677723,-0.507170958812364,-1.0
18.255031987971172,29.58744731677723,-0.507170958812364,60.00000000000008
18.322654847759125,29.716425109922284,-0.4586228288903465,60.00000000000008
18.383938861077727,29.848532611609492,-0.41007469896832904,60.00000000000008
18.43873961472154,29.98345851605538,-0.36152656904631164,60.00000000000008
18.48692797301447,30.12088487602865,-0.3129784391242942,60.00000000000008
18.528390382112555,30.260487852079496,-0.2644303092022767,60.00000000000008
18.56302913758883,30.40193847565368,-0.21588217928025927,60.00000000000008
18.590762614669735,30.544903424293107,-0.1673340493582418,60.00000000000008
18.611525460580438,30.689045807096214,-0.11878591943622435,60.00000000000008
18.625268748545913,30.83402595858727,-0.0702377895142069,60.00000000000008
18.63196009308485,30.979502239123757,-0.021689659592189436,60.00000000000008
18.631583726324664,31.125131839955912,0.02685847032982802,60.00000000000008
18.624140535157828,31.270571591041108,0.17250286009588023,60.00000000000008
18.588140449218532,31.559511908276562,0.1725028600958799,-1.0
18.588140449218532,31.559511908276562,0.1725028600958799,-1.0
18.588140449218532,31.559511908276562,0.1725028600958799,59.99999999999996
18.559668387137744,31.702331598695416,0.2210509900178973,59.99999999999996
18.524298966128978,31.843601292359615,0.2695991199399147,59.99999999999996
18.482115532748466,31.98298809316479,0.31814724986193205,59.99999999999996
18.433217490486626,32.1201635419646,0.36669537978394945,59.99999999999996
18.37772006552791,32.25480439057089,0.41524350970596685,59.99999999999996
18.315754035225133,32.38659336347449,0.46379163962798425,59.99999999999996
18.247465419928126,32.515219905491634,0.5123397695500016,59.99999999999996
18.17301513889292,32.64038091357422,0.560887899472019,59.99999999999996
18.09257863108227,32.76178145105943,0.6094360293940364,59.99999999999996
18.00634544175109,32.879135442675576,0.6579841593160538,59.99999999999996
17.91451877579103,32.9921663486665,0.7065322892380712,59.99999999999996
17.817315018886667,33.10060781644589,0.8521766790041233,59.99999999999996
17.607704589666874,33.30271170328148,0.8521766790041237,-1.0
17.607704589666874,33.30271170328148,0.8521766790041237,-1.0
17.607704589666874,33.30271170328148,0.8521766790041237,-59.99999999999996
17.500445951722025,33.401219098317014,0.8036285490821063,-59.99999999999996
17.398094160447084,33.504815590117076,0.755080419160089,-59.99999999999996
17.30089040354272,33.61325705789646,0.7065322892380715,-59.99999999999996
17.20906373758266,33.726287963887394,0.6579841593160541,-59.99999999999996
17.12283054825148,33.84364195550354,0.6094360293940367,-59.99999999999996
17.04239404044083,33.96504249298875,0.5608878994720193,-59.99999999999996
16.96794375940562,34.090203501071336,0.5123397695500019,-59.99999999999996
16.899655144108618,34.218830043088474,0.46379163962798453,-59.99999999999996
16.83768911380584,34.35061901599207,0.41524350970596713,-59.99999999999996
16.782191688847124,34.48525986459837,0.3666953797839497,-59.99999999999996
16.733293646585285,34.62243531339818,0.3181472498619323,-59.99999999999996
16.691110213204773,34.761822114203355,0.1725028600958799,-59.99999999999996
16.62726873011522,35.0459114982864,0.1725028600958799,-1.0
16.62726873011522,35.0459114982864,0.1725028600958799,-1.0
16.62726873011522,35.0459114982864,0.1725028600958799,-3.957875932190432e+16
16.60290080209982,35.18576854028039,0.1725028600958798,-3.957875932190432e+16
16.578532874084424,35.325625582274384,0.17250286009587973,-3.957875932190432e+16
16.55416494606903,35.465482624268375,0.17250286009587965,-3.957875932190432e+16
16.52979701805363,35.60533966626236,0.17250286009587956,-3.957875932190432e+16
16.505429090038234,35.74519670825635,0.17250286009587948,-3.957875932190432e+16
16.481061162022836,35.885053750250336,0.1725028600958794,-3.957875932190432e+16
16.45669323400744,36.02491079224433,0.1725028600958793,-3.957875932190432e+16
16.432325305992045,36.16476783423831,0.17250286009587923,-3.957875932190432e+16
16.407957377976647,36.3046248762323,0.17250286009587915,-3.957875932190432e+16
16.38358944996125,36.44448191822629,0.17250286009587906,-3.957875932190432e+16
16.35922152194585,36.58433896022028,0.17250286009587895,-3.957875932190432e+16
16.28397153537361,37.016227979484924,0.1725028600958799,-1.0
16.28397153537361,37.016227979484924,0.1725028600958799,-1.0
16.28397153537361,37.016227979484924,0.1725028600958799,-60.00000000000032
16.262463925440187,37.16026111805179,0.12395473017386267,-60.00000000000032
16.24797144943431,37.30516829672038,0.07540660025184545,-60.00000000000032
16.240528258267474,37.450608047805574,0.02685847032982823,-60.00000000000032
16.24015189150729,37.59623764863773,-0.021689659592188992,-60.00000000000032
16.246843236046224,37.741713929174225,-0.07023778951420621,-60.00000000000032
16.260586524011703,37.88669408066527,-0.11878591943622344,-60.00000000000032
16.281349369922403,38.03083646346838,-0.16733404935824064,-60.00000000000032
16.309082847003307,38.17380141210781,-0.21588217928025788,-60.00000000000032
16.343721602479587,38.315252035681986,-0.2644303092022751,-60.00000000000032
16.38518401157767,38.45485501173284,-0.31297843912429235,-60.00000000000032
16.433372369870597,38.59228137170611,-0.3615265690463096,-60.00000000000032
16.48817312351441,38.727207276151994,-0.5071709588123612,-60.00000000000032
16.617079996620966,38.98829257098426,-0.507170958812364,-1.0
16.617079996620966,38.98829257098426,-0.507170958812364,-1.0
16.617079996620966,38.98829257098426,-0.507170958812364,-3.957875932190432e+16
16.688221798039184,39.116325961145996,-0.5071709588123641,-3.957875932190432e+16
16.759363599457394,39.24435935130773,-0.5071709588123642,-3.957875932190432e+16
16.830505400875612,39.37239274146947,-0.5071709588123643,-3.957875932190432e+16
16.901647202293827,39.50042613163121,-0.5071709588123644,-3.957875932190432e+16
16.97278900371204,39.62845952179294,-0.5071709588123645,-3.957875932190432e+16
17.043930805130255,39.75649291195468,-0.5071709588123646,-3.957875932190432e+16
17.115072606548473,39.88452630211641,-0.5071709588123647,-3.957875932190432e+16
17.186214407966684,40.012559692278145,-0.5071709588123648,-3.957875932190432e+16
17.257356209384902,40.140593082439885,-0.507170958812365,-3.957875932190432e+16
17.328498010803116,40.268626472601625,-0.5071709588123648,-3.957875932190432e+16
17.588492529545576,40.73653674468454,-0.507170958812364,-1.0
17.588492529545576,40.73653674468454,-0.507170958812364,-1.0
17.588492529545576,40.73653674468454,-0.507170958812364,2.106569764094013e+16
17.65839723619518,40.862343744257075,-0.5071709588123638,2.106569764094013e+16
17.728301942844787,40.988150743829614,-0.5071709588123637,2.106569764094013e+16
17.798206649494393,41.113957743402146,-0.5071709588123635,2.106569764094013e+16
17.868111356144,41.239764742974685,-0.5071709588123634,2.106569764094013e+16
17.938016062793604,41.36557174254722,-0.5071709588123633,2.106569764094013e+16
18.00792076944321,41.49137874211975,-0.5071709588123632,2.106569764094013e+16
18.07782547609282,41.61718574169229,-0.507170958812363,2.106569764094013e+16
18.147730182742425,41.74299274126482,-0.5071709588123628,2.106569764094013e+16
18.217634889392027,41.86879974083736,-0.5071709588123627,2.106569764094013e+16
18.287539596041633,41.99460674040989,-0.5071709588123626,2.106569764094013e+16
18.357444302691242,42.120413739982425,-0.5071709588123622,2.106569764094013e+16
18.559905062470186,42.48478091838483,-0.507170958812364,-1.0
18.559905062470186,42.48478091838483,-0.507170958812364,-1.0
18.559905062470186,42.48478091838483,-0.507170958812364,2.106569764094013e+16
18.62980976911979,42.61058791795737,-0.5071709588123638,2.106569764094013e+16
18.699714475769397,42.7363949175299,-0.5071709588123637,2.106569764094013e+16
18.769619182419,42.86220191710244,-0.5071709588123635,2.106569764094013e+16
18.83952388906861,42.98800891667497,-0.5071709588123634,2.106569764094013e+16
18.909428595718214,43.1138159162475,-0.5071709588123633,2.106569764094013e+16
18.97933330236782,43.23962291582004,-0.5071709588123632,2.106569764094013e+16
19.049238009017426,43.365429915392575,-0.507170958812363,2.106569764094013e+16
19.11914271566703,43.491236914965114,-0.5071709588123628,2.106569764094013e+16
19.189047422316637,43.617043914537646,-0.5071709588123627,2.106569764094013e+16
19.258952128966243,43.74285091411018,-0.5071709588123626,2.106569764094013e+16
19.32885683561585,43.86865791368272,-0.5071709588123622,2.106569764094013e+16
19.531317595394793,44.23302509208512,-0.507170958812364,-1.0
19.531317595394793,44.23302509208512,-0.507170958812364,-1.0
19.531317595394793,44.23302509208512,-0.507170958812364,2.106569764094013e+16
19.6012223020444,44.35883209165765,-0.5071709588123638,2.106569764094013e+16
19.671127008694008,44.48463909123019,-0.5071709588123637,2.106569764094013e+16
19.74103171534361,44.610446090802725,-0.5071709588123635,2.106569764094013e+16
19.810936421993215,44.73625309037526,-0.5071709588123634,2.106569764094013e+16
19.88084112864282,44.862060089947796,-0.5071709588123633,2.106569764094013e+16
19.95074583529243,44.98786708952033,-0.5071709588123632,2.106569764094013e+16
20.020650541942036,45.11367408909287,-0.507170958812363,2.106569764094013e+16
20.09055524859164,45.2394810886654,-0.5071709588123628,2.106569764094013e+16
20.160459955241244,45.36528808823793,-0.5071709588123627,2.106569764094013e+16
20.230364661890853,45.49109508781047,-0.5071709588123626,2.106569764094013e+16
20.30026936854046,45.616902087383004,-0.5071709588123622,2.106569764094013e+16
20.502730128319403,45.98126926578541,-0.507170958812364,-1.0
20.502730128319403,45.98126926578541,-0.507170958812364,-1.0
20.502730128319403,45.98126926578541,-0.507170958812364,2.106569764094013e+16
20.57263483496901,46.10707626535795,-0.5071709588123638,2.106569764094013e+16
20.642539541618614,46.23288326493048,-0.5071709588123637,2.106569764094013e+16
20.71244424826822,46.35869026450301,-0.5071709588123635,2.106569764094013e+16
20.782348954917826,46.48449726407555,-0.5071709588123634,2.106569764094013e+16
20.85225366156743,46.61030426364808,-0.5071709588123633,2.106569764094013e+16
20.922158368217037,46.73611126322062,-0.5071709588123632,2.106569764094013e+16
20.992063074866643,46.861918262793154,-0.507170958812363,2.106569764094013e+16
21.061967781516252,46.987725262365686,-0.5071709588123628,2.106569764094013e+16
21.131872488165854,47.113532261938225,-0.5071709588123627,2.106569764094013e+16
21.20177719481546,47.23933926151076,-0.5071709588123626,2.106569764094013e+16
21.271681901465065,47.3651462610833,-0.5071709588123622,2.106569764094013e+16
21.47414266124401,47.7295134394857,-0.507170958812364,-1.0
21.47414266124401,47.7295134394857,-0.507170958812364,-1.0
21.47414266124401,47.7295134394857,-0.507170958812364,2.106569764094013e+16
21.54404736789362,47.85532043905823,-0.5071709588123638,2.106569764094013e+16
21.613952074543224,47.981127438630764,-0.5071709588123637,2.106569764094013e+16
21.683856781192826,48.106934438203304,-0.5071709588123635,2.106569764094013e+16
21.753761487842432,48.232741437775836,-0.5071709588123634,2.106569764094013e+16
21.82366619449204,48.358548437348375,-0.5071709588123633,2.106569764094013e+16
21.893570901141647,48.48435543692091,-0.5071709588123632,2.106569764094013e+16
21.963475607791253,48.61016243649344,-0.507170958812363,2.106569764094013e+16
22.03338031444086,48.73596943606598,-0.5071709588123628,2.106569764094013e+16
22.103285021090464,48.86177643563851,-0.5071709588123627,2.106569764094013e+16
22.17318972774007,48.98758343521105,-0.5071709588123626,2.106569764094013e+16
22.243094434389675,49.11339043478358,-0.5071709588123622,2.106569764094013e+16
22.44555519416862,49.477757613185986,-0.507170958812364,-1.0
22.44555519416862,49.477757613185986,-0.507170958812364,-1.0
22.44555519416862,49.477757613185986,-0.507170958812364,-59.99999999999961
22.519357549994815,49.60330176703225,-0.5557190887343817,-59.99999999999961
22.599165489705058,49.72511644204998,-0.6042672186563994,-59.99999999999961
22.68479094923879,49.84291458706979,-0.6528153485784172,-59.99999999999961
22.776032155794116,49.95641861570665,-0.7013634785004349,-59.99999999999961
22.872674103296976,50.065361060480605,-0.7499116084224526,-59.99999999999961
22.974489059053926,50.169485203092584,-0.7984597383444704,-59.99999999999961
23.081237100394667,50.2685456793704,-0.8470078682664881,-59.99999999999961
23.192666680039743,50.36230905745903,-0.8955559981885058,-59.99999999999961
23.308515218861178,50.45055438789304,-0.9441041281105236,-59.99999999999961
23.428509724639135,50.53307372425474,-0.9926522580325413,-59.99999999999961
23.55236743535664,50.60967261319112,-1.041200387954559,-59.99999999999961
23.67979648551642,50.6801705526351,-1.1868447777206121,-59.99999999999961
23.94415977121617,50.802213849402236,-1.1868447777206077,-1.0
23.94415977121617,50.802213849402236,-1.1868447777206077,-1.0
23.94415977121617,50.802213849402236,-1.1868447777206077,1.0883825516969776e+16
24.075156835044417,50.855136916045176,-1.1868447777206075,1.0883825516969776e+16
24.206153898872657,50.908059982688115,-1.1868447777206073,1.0883825516969776e+16
24.3371509627009,50.960983049331055,-1.1868447777206068,1.0883825516969776e+16
24.468148026529143,51.013906115973995,-1.1868447777206066,1.0883825516969776e+16
24.599145090357386,51.06682918261693,-1.1868447777206064,1.0883825516969776e+16
24.730142154185625,51.11975224925987,-1.1868447777206061,1.0883825516969776e+16
24.861139218013868,51.17267531590281,-1.186844777720606,1.0883825516969776e+16
24.992136281842114,51.22559838254574,-1.1868447777206057,1.0883825516969776e+16
25.123133345670354,51.27852144918868,-1.1868447777206053,1.0883825516969776e+16
25.254130409498597,51.33144451583162,-1.186844777720605,1.0883825516969776e+16
25.38512747332684,51.38436758247455,-1.1868447777206044,1.0883825516969776e+16
25.79854312828495,51.55138830507083,-1.1868447777206077,-1.0
25.79854312828495,51.55138830507083,-1.1868447777206077,-1.0
25.79854312828495,51.55138830507083,-1.1868447777206077,-1.2379726512358486e+16
25.927939287152395,51.60366460301947,-1.186844777720608,-1.2379726512358486e+16
26.057335446019835,51.655940900968105,-1.1868447777206081,-1.2379726512358486e+16
26.186731604887278,51.708217198916735,-1.1868447777206084,-1.2379726512358486e+16
26.316127763754718,51.76049349686538,-1.1868447777206086,-1.2379726512358486e+16
26.445523922622165,51.81276979481402,-1.1868447777206088,-1.2379726512358486e+16
26.5749200814896,51.865046092762654,-1.186844777720609,-1.2379726512358486e+16
26.70431624035705,51.917322390711284,-1.1868447777206093,-1.2379726512358486e+16
26.83371239922449,51.96959868865993,-1.1868447777206095,-1.2379726512358486e+16
26.963108558091932,52.021874986608566,-1.1868447777206097,-1.2379726512358486e+16
27.092504716959375,52.0741512845572,-1.18684477772061,-1.2379726512358486e+16
27.221900875826815,52.12642758250583,-1.1868447777206106,-1.2379726512358486e+16
27.65292648535373,52.30056276073941,-1.1868447777206077,-1.0
27.65292648535373,52.30056276073941,-1.1868447777206077,-1.0
27.65292648535373,52.30056276073941,-1.1868447777206077,-1.2379726512358486e+16
27.782322644221175,52.35283905868805,-1.186844777720608,-1.2379726512358486e+16
27.911718803088615,52.40511535663669,-1.1868447777206081,-1.2379726512358486e+16
28.041114961956062,52.45739165458532,-1.1868447777206084,-1.2379726512358486e+16
28.170511120823498,52.50966795253396,-1.1868447777206086,-1.2379726512358486e+16
28.299907279690945,52.5619442504826,-1.1868447777206088,-1.2379726512358486e+16
28.429303438558385,52.61422054843124,-1.186844777720609,-1.2379726512358486e+16
28.55869959742583,52.66649684637987,-1.1868447777206093,-1.2379726512358486e+16
28.68809575629327,52.71877314432851,-1.1868447777206095,-1.2379726512358486e+16
28.817491915160712,52.771049442277146,-1.1868447777206097,-1.2379726512358486e+16
28.94688807402816,52.82332574022579,-1.18684477772061,-1.2379726512358486e+16
29.076284232895595,52.87560203817442,-1.1868447777206106,-1.2379726512358486e+16
29.50730984242251,53.04973721640799,-1.1868447777206077,-1.0
29.50730984242251,53.04973721640799,-1.1868447777206077,-1.0
29.50730984242251,53.04973721640799,-1.1868447777206077,-1.2379726512358486e+16
29.63670600128996,53.102013514356635,-1.186844777720608,-1.2379726512358486e+16
29.766102160157395,53.15428981230527,-1.1868447777206081,-1.2379726512358486e+16
29.895498319024842,53.2065661102539,-1.1868447777206084,-1.2379726512358486e+16
30.024894477892282,53.25884240820254,-1.1868447777206086,-1.2379726512358486e+16
30.154290636759725,53.311118706151184,-1.1868447777206088,-1.2379726512358486e+16
30.283686795627165,53.36339500409982,-1.186844777720609,-1.2379726512358486e+16
30.41308295449461,53.41567130204845,-1.1868447777206093,-1.2379726512358486e+16
30.54247911336205,53.46794759999709,-1.1868447777206095,-1.2379726512358486e+16
30.671875272229492,53.52022389794573,-1.1868447777206097,-1.2379726512358486e+16
30.80127143109694,53.57250019589437,-1.18684477772061,-1.2379726512358486e+16
30.93066758996438,53.624776493843,-1.1868447777206106,-1.2379726512358486e+16
31.36169319949129,53.79891167207658,-1.1868447777206077,-1.0
31.36169319949129,53.79891167207658,-1.1868447777206077,-1.0
31.36169319949129,53.79891167207658,-1.1868447777206077,-1.2379726512358486e+16
31.49108935835874,53.851187970025215,-1.186844777720608,-1.2379726512358486e+16
31.62048551722618,53.90346426797386,-1.1868447777206081,-1.2379726512358486e+16
31.749881676093622,53.95574056592248,-1.1868447777206084,-1.2379726512358486e+16
31.879277834961062,54.00801686387113,-1.1868447777206086,-1.2379726512358486e+16
32.00867399382851,54.060293161819764,-1.1868447777206088,-1.2379726512358486e+16
32.138070152695946,54.11256945976841,-1.186844777720609,-1.2379726512358486e+16
32.26746631156339,54.16484575771703,-1.1868447777206093,-1.2379726512358486e+16
32.39686247043083,54.217122055665676,-1.1868447777206095,-1.2379726512358486e+16
32.526258629298276,54.269398353614314,-1.1868447777206097,-1.2379726512358486e+16
32.65565478816572,54.32167465156296,-1.18684477772061,-1.2379726512358486e+16
32.785050947033156,54.37395094951158,-1.1868447777206106,-1.2379726512358486e+16
33.216076556560076,54.54808612774516,-1.1868447777206077,-1.0
33.216076556560076,54.54808612774516,-1.1868447777206077,-1.0
33.216076556560076,54.54808612774516,-1.1868447777206077,-1.2379726512358486e+16
33.34547271542752,54.6003624256938,-1.186844777720608,-1.2379726512358486e+16
33.474868874294955,54.65263872364244,-1.1868447777206081,-1.2379726512358486e+16
33.604265033162406,54.70491502159107,-1.1868447777206084,-1.2379726512358486e+16
33.73366119202984,54.75719131953971,-1.1868447777206086,-1.2379726512358486e+16
33.863057350897286,54.80946761748835,-1.1868447777206088,-1.2379726512358486e+16
33.99245350976473,54.86174391543699,-1.186844777720609,-1.2379726512358486e+16
34.12184966863217,54.91402021338562,-1.1868447777206093,-1.2379726512358486e+16
34.25124582749961,54.96629651133426,-1.1868447777206095,-1.2379726512358486e+16
34.38064198636705,55.0185728092829,-1.1868447777206097,-1.2379726512358486e+16
34.5100381452345,55.07084910723154,-1.18684477772061,-1.2379726512358486e+16
34.63943430410194,55.12312540518017,-1.1868447777206106,-1.2379726512358486e+16
35.07045991362885,55.297260583413745,-1.1868447777206077,-1.0
35.07045991362885,55.297260583413745,-1.1868447777206077,-1.0
35.07045991362885,55.297260583413745,-1.1868447777206077,-1.2379726512358486e+16
35.1998560724963,55.34953688136238,-1.186844777720608,-1.2379726512358486e+16
35.32925223136374,55.40181317931102,-1.1868447777206081,-1.2379726512358486e+16
35.45864839023118,55.45408947725965,-1.1868447777206084,-1.2379726512358486e+16
35.588044549098626,55.506365775208295,-1.1868447777206086,-1.2379726512358486e+16
35.71744070796607,55.55864207315693,-1.1868447777206088,-1.2379726512358486e+16
35.846836866833506,55.61091837110557,-1.186844777720609,-1.2379726512358486e+16
35.97623302570095,55.6631946690542,-1.1868447777206093,-1.2379726512358486e+16
36.10562918456839,55.715470967002844,-1.1868447777206095,-1.2379726512358486e+16
36.23502534343584,55.76774726495148,-1.1868447777206097,-1.2379726512358486e+16
36.36442150230328,55.82002356290012,-1.18684477772061,-1.2379726512358486e+16
36.49381766117072,55.87229986084875,-1.1868447777206106,-1.2379726512358486e+16
36.924843270697636,56.046435039082326,-1.1868447777206077,-1.0
36.924843270697636,56.046435039082326,-1.1868447777206077,-1.0
36.924843270697636,56.046435039082326,-1.1868447777206077,-1.2379726512358486e+16
37.05423942956508,56.09871133703096,-1.186844777720608,-1.2379726512358486e+16
37.18363558843252,56.15098763497961,-1.1868447777206081,-1.2379726512358486e+16
37.313031747299966,56.20326393292824,-1.1868447777206084,-1.2379726512358486e+16
37.4424279061674,56.255540230876875,-1.1868447777206086,-1.2379726512358486e+16
37.571824065034846,56.30781652882551,-1.1868447777206088,-1.2379726512358486e+16
37.70122022390229,56.36009282677416,-1.186844777720609,-1.2379726512358486e+16
37.83061638276973,56.41236912472279,-1.1868447777206093,-1.2379726512358486e+16
37.96001254163717,56.464645422671424,-1.1868447777206095,-1.2379726512358486e+16
38.08940870050462,56.51692172062006,-1.1868447777206097,-1.2379726512358486e+16
38.218804859372064,56.569198018568706,-1.18684477772061,-1.2379726512358486e+16
38.3482010182395,56.621474316517336,-1.1868447777206106,-1.2379726512358486e+16
38.77922662776642,56.795609494750906,-1.1868447777206077,-1.0
38.77922662776642,56.795609494750906,-1.1868447777206077,-1.0
38.77922662776642,56.795609494750906,-1.1868447777206077,-60.000000000000405
38.91553790231836,56.84686726216712,-1.2353929076426249,-60.000000000000405
39.05417606231795,56.89144957797056,-1.283941037564642,-60.000000000000405
39.19481441275948,56.929251385805074,-1.3324891674866592,-60.000000000000405
39.337121545272396,56.960183607296926,-1.3810372974086764,-60.000000000000405
39.480762119071244,56.984173351964365,-1.4295854273306936,-60.000000000000405
39.62539765117213,57.00116408898084,-1.4781335572527108,-60.000000000000405
39.77068731401369,57.01111578038765,-1.526681687174728,-60.000000000000405
39.91628873860291,57.01400497544165,-1.5752298170967451,-60.000000000000405
40.061858821293306,57.00982486587594,-1.6237779470187623,-60.000000000000405
40.207054532294265,56.99858530194329,-1.6723260769407795,-60.000000000000405
40.351533724006345,56.980312769204396,-1.7208742068627967,-60.000000000000405
40.494955937277744,56.9550503261158,-1.866518596628847,-60.000000000000405
40.777280841926355,56.88381015958798,-1.8665185966288516,-1.0
40.777280841926355,56.88381015958798,-1.8665185966288516,-1.0
40.777280841926355,56.88381015958798,-1.8665185966288516,2.749646772794423e+16
40.91532705398201,56.84175364204648,-1.8665185966288516,2.749646772794423e+16
41.053373266037674,56.79969712450496,-1.8665185966288513,2.749646772794423e+16
41.19141947809333,56.757640606963456,-1.8665185966288513,2.749646772794423e+16
41.329465690148986,56.71558408942194,-1.8665185966288511,2.749646772794423e+16
41.46751190220464,56.673527571880435,-1.8665185966288511,2.749646772794423e+16
41.605558114260305,56.63147105433893,-1.866518596628851,2.749646772794423e+16
41.74360432631596,56.58941453679741,-1.866518596628851,2.749646772794423e+16
41.881650538371616,56.54735801925591,-1.8665185966288507,2.749646772794423e+16
42.01969675042728,56.505301501714406,-1.8665185966288504,2.749646772794423e+16
42.69046464221985,56.30094847248328,-1.8665185966288516,-1.0
42.69046464221985,56.30094847248328,-1.8665185966288516,-1.0
42.69046464221985,56.30094847248328,-1.8665185966288516,59.999999999999616
42.83076228046422,56.2619011295068,-1.8179704667068337,59.999999999999616
42.97278954686847,56.229708305955455,-1.769422336784816,59.999999999999616
43.11621176013986,56.20444586286686,-1.7208742068627982,59.999999999999616
43.26069095185194,56.18617333012797,-1.6723260769407806,59.999999999999616
43.40588666285291,56.174933766195316,-1.6237779470187628,59.999999999999616
43.5514567455433,56.17075365662961,-1.5752298170967451,59.999999999999616
43.69705817013252,56.17364285168361,-1.5266816871747273,59.999999999999616
43.842347832974085,56.18359454309042,-1.4781335572527097,59.999999999999616
43.98698336507497,56.20058528010689,-1.4295854273306918,59.999999999999616
44.13062393887382,56.224575024774325,-1.3810372974086742,59.999999999999616
44.272931071386736,56.25550724626619,-1.3324891674866564,59.999999999999616
44.41356942182826,56.2933090541007,-1.186844777720603,59.999999999999616
44.688518856379794,56.38914913732035,-1.1868447777206077,-1.0
44.688518856379794,56.38914913732035,-1.1868447777206077,-1.0
44.688518856379794,56.38914913732035,-1.1868447777206077,59.99999999999967
44.82218203368629,56.44696156957158,-1.13829664779859,59.99999999999967
44.952882142079545,56.51119243408749,-1.0897485178765725,59.99999999999967
45.08031119223933,56.581690373531465,-1.0412003879545548,59.99999999999967
45.20416890295683,56.65828926246785,-0.9926522580325371,59.99999999999967
45.32416340873478,56.74080859882955,-0.9441041281105195,59.99999999999967
45.44001194755622,56.829053929263566,-0.8955559981885018,59.99999999999967
45.551441527201305,56.92281730735219,-0.8470078682664842,59.99999999999967
45.658189568542035,57.02187778363001,-0.7984597383444666,59.99999999999967
45.76000452429899,57.12600192624198,-0.749911608422449,59.99999999999967
45.85664647180185,57.234944371015935,-0.7013634785004313,59.99999999999967
45.947887678357176,57.34844839965281,-0.6528153485784137,59.99999999999967
46.0335131378909,57.46624654467261,-0.5071709588123606,59.99999999999967
46.187123433427345,57.71360537353661,-0.5071709588123638,-1.0
46.187123433427345,57.71360537353661,-0.5071709588123638,-1.0
46.187123433427345,57.71360537353661,-0.5071709588123638,2.749646772794423e+16
46.2563173038883,57.83813308631477,-0.5071709588123637,2.749646772794423e+16
46.32551117434926,57.96266079909293,-0.5071709588123636,2.749646772794423e+16
46.394705044810216,58.08718851187109,-0.5071709588123635,2.749646772794423e+16
46.46389891527117,58.21171622464925,-0.5071709588123634,2.749646772794423e+16
46.53309278573213,58.33624393742741,-0.5071709588123633,2.749646772794423e+16
46.60228665619309,58.46077165020557,-0.5071709588123632,2.749646772794423e+16
46.671480526654044,58.58529936298373,-0.5071709588123631,2.749646772794423e+16
46.740674397115,58.70982707576189,-0.5071709588123631,2.749646772794423e+16
46.809868267575965,58.834354788540054,-0.507170958812363,2.749646772794423e+16
46.879062138036915,58.958882501318215,-0.5071709588123626,2.749646772794423e+16
47.15853596635195,59.461849547236895,-0.5071709588123638,-1.0
47.15853596635195,59.461849547236895,-0.5071709588123638,-1.0
47.15853596635195,59.461849547236895,-0.5071709588123638,-60.00000000000023
47.232338322178144,59.58739370108316,-0.555719088734381,-60.00000000000023
47.312146261888394,59.70920837610089,-0.6042672186563982,-60.00000000000023
47.39777172142212,59.8270065211207,-0.6528153485784154,-60.00000000000023
47.48901292797744,59.940510549757576,-0.7013634785004326,-60.00000000000023
47.5856548754803,60.04945299453152,-0.7499116084224497,-60.00000000000023
47.68746983123726,60.1535771371435,-0.7984597383444669,-60.00000000000023
47.794217872577995,60.252637613421314,-0.8470078682664841,-60.00000000000023
47.90564745222308,60.34640099150994,-0.8955559981885013,-60.00000000000023
48.02149599104451,60.43464632194396,-0.9441041281105185,-60.00000000000023
48.14149049682246,60.51716565830566,-0.9926522580325357,-60.00000000000023
48.265348207539965,60.59376454724204,-1.0412003879545528,-60.00000000000023
48.39277725769975,60.66426248668601,-1.1868447777206044,-60.00000000000023
48.6571405433995,60.78630578345316,-1.1868447777206077,-1.0
48.6571405433995,60.78630578345316,-1.1868447777206077,-1.0
48.6571405433995,60.78630578345316,-1.1868447777206077,-1.2379726512358486e+16
48.78653670226694,60.838582081401796,-1.186844777720608,-1.2379726512358486e+16
48.91593286113438,60.89085837935043,-1.1868447777206081,-1.2379726512358486e+16
49.04532902000183,60.943134677299064,-1.1868447777206084,-1.2379726512358486e+16
49.17472517886927,60.99541097524771,-1.1868447777206086,-1.2379726512358486e+16
49.30412133773671,61.047687273196345,-1.1868447777206088,-1.2379726512358486e+16
49.43351749660415,61.09996357114498,-1.186844777720609,-1.2379726512358486e+16
49.5629136554716,61.15223986909361,-1.1868447777206093,-1.2379726512358486e+16
49.69230981433903,61.20451616704226,-1.1868447777206095,-1.2379726512358486e+16
49.82170597320648,61.256792464990895,-1.1868447777206097,-1.2379726512358486e+16
49.95110213207393,61.30906876293953,-1.18684477772061,-1.2379726512358486e+16
50.080498290941364,61.36134506088816,-1.1868447777206106,-1.2379726512358486e+16
50.511523900468276,61.53548023912174,-1.1868447777206077,-1.0
50.511523900468276,61.53548023912174,-1.1868447777206077,-1.0
50.511523900468276,61.53548023912174,-1.1868447777206077,-1.2379726512358486e+16
50.64092005933573,61.587756537070376,-1.186844777720608,-1.2379726512358486e+16
50.77031621820316,61.64003283501902,-1.1868447777206081,-1.2379726512358486e+16
50.89971237707061,61.69230913296765,-1.1868447777206084,-1.2379726512358486e+16
51.02910853593805,61.74458543091629,-1.1868447777206086,-1.2379726512358486e+16
51.158504694805494,61.796861728864926,-1.1868447777206088,-1.2379726512358486e+16
51.28790085367293,61.84913802681357,-1.186844777720609,-1.2379726512358486e+16
51.417297012540374,61.9014143247622,-1.1868447777206093,-1.2379726512358486e+16
51.546693171407824,61.95369062271084,-1.1868447777206095,-1.2379726512358486e+16
51.67608933027526,62.005966920659475,-1.1868447777206097,-1.2379726512358486e+16
51.8054854891427,62.05824321860812,-1.18684477772061,-1.2379726512358486e+16
51.93488164801015,62.11051951655675,-1.1868447777206106,-1.2379726512358486e+16
52.36590725753706,62.28465469479032,-1.1868447777206077,-1.0
52.36590725753706,62.28465469479032,-1.1868447777206077,-1.0
52.36590725753706,62.28465469479032,-1.1868447777206077,74.99999999999876
52.230817935086705,62.23308506893318,-1.225406605696809,74.99999999999876
52.093840913859665,62.18676178097873,-1.26396843367301,74.99999999999876
51.95517985544402,62.14575370579595,-1.3025302616492112,74.99999999999876
51.815040925305404,62.11012181543431,-1.3410920896254122,74.99999999999876
51.673632486253894,62.07991908846869,-1.3796539176016134,74.99999999999876
51.531164788643956,62.05519043122926,-1.4182157455778144,74.99999999999876
51.38784965776777,62.03597261103332,-1.4567775735540156,74.99999999999876
51.24390017890698,62.02229420151859,-1.4953394015302166,74.99999999999876
51.09953038051109,62.01417554015906,-1.5339012295064178,74.99999999999876
50.954954915973374,62.01162869802656,-1.5724630574826188,74.99999999999876
50.810388744477805,62.01465746184319,-1.61102488545882,74.99999999999876
50.66604681139117,62.023257328351086,-1.7267103693874235,74.99999999999876
50.37889345579788,62.057110958998706,-1.7267103693874146,-1.0
50.37889345579788,62.057110958998706,-1.7267103693874146,-1.0
48.403153439640235,62.367677197591014,-1.7267103693874146,-1.0
48.403153439640235,62.367677197591014,-1.7267103693874146,-1.0
46.427413423482584,62.67824343618332,-1.7267103693874146,-1.0
46.427413423482584,62.67824343618332,-1.7267103693874146,-1.0
46.427413423482584,62.67824343618332,-1.7267103693874146,365.8835655611522
46.57242481674706,62.656044537429715,-1.7186913651720142,365.8835655611522
46.71760955875397,62.635009186927256,-1.710672360956614,365.8835655611522
46.86295831353148,62.61513873733486,-1.7026533567412134,365.8835655611522
47.00846173456104,62.59643446640361,-1.6946343525258132,365.8835655611522
47.15411046537845,62.5788975768945,-1.6866153483104127,365.8835655611522
47.29989514017548,62.56252919650116,-1.6785963440950125,365.8835655611522
47.44580638440215,62.54733037777729,-1.670577339879612,365.8835655611522
47.59183481536955,62.53330209806901,-1.6625583356642117,365.8835655611522
47.737971042853204,62.520445259452,-1.6545393314488113,365.8835655611522
47.88420566969684,62.50876068867349,-1.6465203272334108,365.8835655611522
48.03052929241674,62.49824913709908,-1.6385013230180105,365.8835655611522
48.17693250180636,62.4889112806645,-1.63048231880261,365.8835655611522
48.32340588354144,62.480747719832024,-1.6224633145872098,365.8835655611522
48.46994001878533,62.47375897955199,-1.6144443103718094,365.8835655611522
48.61652548479468,62.4679455092289,-1.606425306156409,365.8835655611522
48.76315285552538,62.463307682692665,-1.5984063019410086,365.8835655611522
48.90981270223864,62.459845798174456,-1.5903872977256084,365.8835655611522
49.056495594107375,62.457560078287585,-1.582368293510208,365.8835655611522
49.203192098822576,62.456450670013204,-1.5743492892948077,365.8835655611522
49.34989278319988,62.456517644690756,-1.5663302850794072,365.8835655611522
49.49658821378615,62.45776099801353,-1.558311280864007,365.8835655611522
49.643268957466084,62.4601806500288,-1.5502922766486065,365.8835655611522
49.78992558206884,62.4637764451431,-1.5422732724332062,365.8835655611522
49.93654865697449,62.468548152132065,-1.5342542682178058,365.8835655611522
50.0831287537205,62.474495464155495,-1.5262352640024055,365.8835655611522
50.22965644660803,62.481617998776905,-1.518216259787005,365.8835655611522
50.376122313308,62.48991529798825,-1.5101972555716048,365.8835655611522
50.52251693546701,62.4993868282393,-1.5021782513562043,365.8835655611522
50.66883089931298,62.51003198047198,-1.494159247140804,365.8835655611522
50.81505479626048,62.521850070159516,-1.4861402429254036,365.8835655611522
50.961179223515764,62.53484033735049,-1.4781212387100033,365.8835655611522
51.10719478468137,62.54900194671766,-1.4701022344946029,365.8835655611522
51.2530920903604,62.564333987611704,-1.4620832302792026,365.8835655611522
51.39886175876023,62.58083547411978,-1.4540642260638021,365.8835655611522
51.54449441629589,62.59850534512892,-1.4460452218484017,365.8835655611522
51.68998069819271,62.61734246439424,-1.4380262176330014,365.8835655611522
51.83531124908859,62.63734562061207,-1.4300072134176012,365.8835655611522
51.98047672363559,62.65851352749773,-1.4059502007713998,365.8835655611522
